190003;ROLLO TUBO 16MM MULTICAPA AMAR X150MTS MAYGAS;81116;0;0;0;61;MAYGAS;MTS;ACTIVO;ROLLO TUBO 16MM MULTICAPA AMAR X150MTS MAYGAS;ROLLO TUBO 16MM MULTICAPA AMAR 150MTS MAYGAS.jpg
190107;"""CODO 16MMX3/8"""" FUSION ROSCA MH BRONCE MAYGAS""--MTO--";72116;52;0;0;0;MAYGAS;MTO;ACTIVO;"CODO 16MMX3/8"" FUSION ROSCA MH BRONCE MAYGAS";CODO 16MM FUSION ROSCA MH BRONCE MAYGAS MTO.jpg
190104;"""CODO 16MMX3/8"""" MH BRONCE MAYGAS""--MTO--";82116;0;0;0;3;MAYGAS;MTO;ACTIVO;"CODO 16MMX3/8"" MH BRONCE MAYGAS";CODO 16MM MH BRONCE MAYGAS MTO.jpg
190106;"""CODO 20MMX1/2"""" FUSION ROSCA MH BRONCE MAYGAS""";72120;6,137;0;1,02;5;MAYGAS;MTS;ACTIVO;"CODO 20MMX1/2"" FUSION ROSCA MH BRONCE MAYGAS";CODO 20MM FUSION ROSCA MH BRONCE MAYGAS.jpg
190111;"""CODO 20MMX1/2"""" MH BRONCE MAYGAS""";82120;0;0;0;42;MAYGAS;MTO;ACTIVO;"CODO 20MMX1/2"" MH BRONCE MAYGAS";CODO 20MM MH BRONCE MAYGAS.jpg
190121;"""CODO 25MMX1/2"""" MH BRONCE MAYGAS""--MTO--";82151;0;0;0;21;MAYGAS;MTO;ACTIVO;"CODO 25MMX1/2"" MH BRONCE MAYGAS";CODO 25MM MH BRONCE MAYGAS  MTO.jpg
190113;"""CODO 25MMX3/4"""" FUSION ROSCA MH BRONCE MAYGAS""";72125;182;0;50;0;MAYGAS;MTS;ACTIVO;"CODO 25MMX3/4"" FUSION ROSCA MH BRONCE MAYGAS";CODO 25MM FUSION ROSCA MH BRONCE MAYGAS.jpg
190122;"""CODO 25MMX3/4"""" MH BRONCE MAYGAS""";82125;0;0;0;0;MAYGAS;MTS;ACTIVO;"CODO 25MMX3/4"" MH BRONCE MAYGAS";CODO 25MM MH BRONCE MAYGAS.jpg
190131;"""CODO 32MMX1"""" MH BRONCE MAYGAS""";82133;0;0;0;1;MAYGAS;MTO;ACTIVO;"CODO 32MMX1"" MH BRONCE MAYGAS";CODO 32MM MH BRONCE MAYGAS.jpg
190015;"""CODO 32MMX1"""" MH BRONCE NEGRO MAYGAS""";72133;111;0;50;0;MAYGAS;MTS;ACTIVO;"""CODO 32MMX1"""" MH BRONCE NEGRO MAYGAS""";CODO 32MM MH BRONCE NEGRO MAYGAS.jpg
190124;"""CODO 32MMX3/4"""" MH BRONCE MAYGAS""--MTO--";82152;0;0;0;0;MAYGAS;MTO;ACTIVO;"CODO 32MMX3/4"" MH BRONCE MAYGAS";CODO 32MM MH BRONCE MAYGAS MTO.jpg
190125;"""CODO 32MMX3/4"""" MH NEGRO BRONCE MAYGAS""--MTO--";72152;176;0;0;0;MAYGAS;MTO;ACTIVO;"""CODO 32MMX3/4"""" MH NEGRO BRONCE MAYGAS""";CODO 32MM MH NEGRO BRONCE MAYGAS MTO.jpg
190305;"""UNION 16MMX1/2"""" MH BRONCE MAYGAS""";82760;0;0;0;9;MAYGAS;MTS;ACTIVO;"UNION 16MMX1/2"" MH BRONCE MAYGAS";UNION 20MM MH BRONCE MAYGAS.jpg
190304;"""UNION 16MMX3/8"""" BRONCE MAYGAS""--MTO--";82716;0;0;0;0;MAYGAS;MTO;ACTIVO;"UNION 16MMX3/8"" BRONCE MAYGAS";
190306;"""UNION 16MMX3/8"""" MM BRONCE MAYGAS""--MTO--";82816;0;0;0;0;MAYGAS;MTO;ACTIVO;"UNION 16MMX3/8"" MM BRONCE MAYGAS";
190311;"""UNION 20MMX1/2"""" MH BRONCE MAYGAS""";82720;0;0;0;13;MAYGAS;MTS;ACTIVO;"UNION 20MMX1/2"" MH BRONCE MAYGAS";UNION 20MM MH BRONCE MAYGAS.jpg
190335;"""UNION 20MMX1/2"""" MH NEGRO MAYGAS""";72720;2,027;0;0;0;MAYGAS;MTS;ACTIVO;"UNION 20MMX1/2"" MH NEGRO MAYGAS";UNION 20MM MH NEGRO MAYGAS.jpg
190340;"""UNION 20MMX1/2"""" MM NEGRO MAYGAS""";72820;3,447;4;5;9;MAYGAS;MTS;ACTIVO;"UNION 20MMX1/2"" MM NEGRO MAYGAS";UNION 20MM MM NEGRO MAYGAS.jpg
190322;"""UNION 25MMX1/2"""" MH BRONCE MAYGAS""--MTO--";82751;0;0;0;1;MAYGAS;MTO;ACTIVO;"UNION 25MMX1/2"" MH BRONCE MAYGAS";UNION 25MM MH BRONCE MAYGAS MTO.jpg
190321;"""UNION 25MMX3/4"""" MH BRONCE MAYGAS""--MTO--";82725;0;0;0;5;MAYGAS;MTO;ACTIVO;"UNION 25MMX3/4"" MH BRONCE MAYGAS";UNION 25MM MH BRONCE MAYGAS MTO AMARILLO.jpg
190336;"""UNION 25MMX3/4"""" MH NEGRO MAYGAS""";72725;708;0;0;0;MAYGAS;MTS;ACTIVO;"UNION 25MMX3/4"" MH NEGRO MAYGAS";UNION 25MM MH NEGRO MAYGAS.jpg
190323;"""UNION 25MMX3/4"""" MM BRONCE MAYGAS""";82825;0;0;0;0;MAYGAS;MTO;ACTIVO;"UNION 25MMX3/4"" MM BRONCE MAYGAS";UNION 25MM MM BRONCE MAYGAS.jpg
190331;"""UNION 32MMX1"""" MH BRONCE MAYGAS""--MTO--";82733;0;0;0;0;MAYGAS;MTO;ACTIVO;"UNION 32MMX1"" MH BRONCE MAYGAS";UNION 32MM MH BRONCE MAYGAS MTO AMARILLO.jpg
190333;"""UNION 32MMX1"""" MM BRONCE MAYGAS""--MTO--";82833;0;0;0;0;MAYGAS;MTO;ACTIVO;"UNION 32MMX1"" MM BRONCE MAYGAS";UNION 32MM MM BRONCE MAYGAS MTO.jpg
190332;"""UNION 32MMX3/4"""" MH BRONCE MAYGAS""--MTO--";82752;0;0;0;5;MAYGAS;MTO;ACTIVO;"UNION 32MMX3/4"" MH BRONCE MAYGAS";UNION 32MM MH BRONCE MAYGAS MTO.jpg
191203;BOQUILLA 16MM MAYGAS;71316;83;0;0;7;MAYGAS;MTS;ACTIVO;;BOQUILLA 16MM MAYGAS.jpg
191210;BOQUILLA 20MM MAYGAS;71320;24;0;0;7;MAYGAS;MTS;ACTIVO;BOQUILLA 20MM MAYGAS;BOQUILLA 20MM MAYGAS.jpg
191220;BOQUILLA 25MM MAYGAS;71325;18;0;0;0;MAYGAS;MTS;ACTIVO;;BOQUILLA 25MM MAYGAS.jpg
191230;BOQUILLA 32MM MAYGAS;71332;19;0;0;3;MAYGAS;MTS;ACTIVO;;BOQUILLA 32MM MAYGAS.jpg
190410;BUJE 20X16MM MAYGAS;82651;0;0;0;53;MAYGAS;MTS;ACTIVO;;BUJE 20MM MAYGAS.jpg
190006;BUJE 20X16MM MAYGAS NEGRO;72651;33,482;0;3,04;0;MAYGAS;MTS;ACTIVO;BUJE 20X16MM MAYGAS NEGRO;BUJE 20MM MAYGAS NEGRO.jpg
190039;BUJE 25X16MM MAYGAS;72652;2,596;0;2,56;0;MAYGAS;MTS;ACTIVO;BUJE 25X16MM MAYGAS;BUJE 25MM MAYGAS.jpg
190420;BUJE 25X16MM MAYGAS;82652;0;0;0;13;MAYGAS;MTS;ACTIVO;;BUJE 25MM MAYGAS AMARILLO.jpg
190430;BUJE 25X20MM MAYGAS;82653;0;0;0;17;MAYGAS;MTS;ACTIVO;;BUJE 25MM1 MAYGAS AMARILLO.jpg
190452;BUJE 25X20MM NEGRO MAYGAS;72653;6,434;0;2,56;1;MAYGAS;MTS;ACTIVO;BUJE 25X20MM NEGRO MAYGAS;BUJE 25MM NEGRO MAYGAS.jpg
190040;BUJE 32X20MM MAYGAS;72654;502;0;0;0;MAYGAS;MTS;ACTIVO;BUJE 32X20MM MAYGAS;BUJE 32MM MAYGAS.jpg
190440;BUJE 32X20MM MAYGAS;82654;0;0;0;25;MAYGAS;MTS;ACTIVO;;BUJE 32MM MAYGAS AMARILLO.jpg
190450;BUJE 32X25MM MAYGAS--MTO--;82655;0;0;0;17;MAYGAS;MTO;ACTIVO;;BUJE 32MM MAYGAS MTO.jpg
190451;BUJE 32X25MM NEGRO MAYGAS;72655;585;2;0;0;MAYGAS;MTS;ACTIVO;BUJE 32X25MM NEGRO MAYGAS;BUJE 32MM NEGRO MAYGAS.jpg
190603;BUJE TESTIGO 16MM NEGRO MAYGAS;81916;186;0;0;5;MAYGAS;MTS;ACTIVO;;BUJE TESTIGO 16MM NEGRO MAYGAS.jpg
190610;BUJE TESTIGO 20MM NEGRO MAYGAS;81920;1,577;0;0;0;MAYGAS;MTS;ACTIVO;BUJE TESTIGO 20MM NEGRO MAYGAS --MTO--;BUJE TESTIGO 20MM NEGRO MAYGAS.jpg
190620;BUJE TESTIGO 25MM NEGRO MAYGAS--MTO--;81925;37;0;0;0;MAYGAS;MTO;ACTIVO;;BUJE TESTIGO 25MM NEGRO MAYGAS MTO.jpg
190630;BUJE TESTIGO 32MM NEGRO MAYGAS;81932;184;0;0;0;MAYGAS;MTS;ACTIVO;;BUJE TESTIGO 32MM NEGRO MAYGAS.jpg
190360;BUJE TESTIGO FUSION 16MM;71916;3,1;0;0;0;MAYGAS;MTS;ACTIVO;BUJE TESTIGO FUSION 16MM;BUJE TESTIGO FUSION 16MM.jpg
190361;BUJE TESTIGO FUSION 20MM;71920;396;0;0;0;MAYGAS;MTS;ACTIVO;BUJE TESTIGO FUSION 20MM;BUJE TESTIGO FUSION 20MM.jpg
190362;BUJE TESTIGO FUSION 25MM;71925;2,778;0;0;0;MAYGAS;MTS;ACTIVO;BUJE TESTIGO FUSION 25MM;BUJE TESTIGO FUSION 25MM.jpg
190363;BUJE TESTIGO FUSION 32MM;71932;1,176;0;0;0;MAYGAS;MTS;ACTIVO;BUJE TESTIGO FUSION 32MM;BUJE TESTIGO FUSION 32MM.jpg
190126;CABEZAL EXPANSOR MAYGAS 32MM--MTO--;71411;10;0;0;;MAYGAS;MTO;ACTIVO;CABEZAL EXPANSOR MAYGAS 32MM--MTO--;
191302;CABEZAL P/EXPANSORA 16-20-25MM;71410;12;0;0;1;MAYGAS;MTS;ACTIVO;CABEZAL P/EXPANSORA 16-20-25MM;CABEZAL EXPANSORA MM.jpg
190103;CODO 16MM AMARILLO MAYGAS;82016;0;0;0;19;MAYGAS;MTO;ACTIVO;CODO 16MM AMARILLO MAYGAS;CODO 16MM AMARILLO MAYGAS.jpg
190007;CODO 16MM NEGRO MAYGAS;72016;12,174;0;2;0;MAYGAS;MTS;ACTIVO;CODO 16MM NEGRO MAYGAS;CODO 16MM NEGRO MAYGAS.jpg
190108;"CODO 16MMX1/2"""" MH BRONCE  NEGRO MAYGAS";72160;6,245;0;10,02;1;MAYGAS;MTS;ACTIVO;"CODO 16MMX1/2"""" MH BRONCE NEGRO MAYGAS";CODO 16MM MH BRONCE  NEGRO MAYGAS.jpg
190105;"CODO 16MMX1/2"""" MH BRONCE MAYGAS";82160;0;0;0;76;MAYGAS;MTO;ACTIVO;"CODO 16MMX1/2"" MH BRONCE MAYGAS";CODO 16MM MH BRONCE MAYGAS.jpg
190110;CODO 20MM AMARILLO MAYGAS;82020;0;0;0;15;MAYGAS;MTS;ACTIVO;;CODO 20MM AMARILLO MAYGAS.jpg
190112;CODO 20MM NEGRO MAYGAS;72020;1,542;0;1,5;0;MAYGAS;MTS;ACTIVO;CODO 20MM NEGRO MAYGAS;CODO 20MM NEGRO MAYGAS.jpg
190120;CODO 25MM AMARILLO MAYGAS;82025;0;0;0;17;MAYGAS;MTS;ACTIVO;;CODO 25MM AMARILLO MAYGAS.jpg
190123;CODO 25MM NEGRO MAYGAS;72025;1,077;0;500;0;MAYGAS;MTS;ACTIVO;CODO 25MM NEGRO MAYGAS;CODO 25MM NEGRO MAYGAS.jpg
190109;"CODO 25MMX1/2"""" H NEGRO MAYGAS""";72151;671;0;100;0;MAYGAS;MTS;ACTIVO;"CODO 25MMX1/2"" H NEGRO MAYGAS";CODO 25MM H NEGRO MAYGAS.jpg
190130;CODO 32MM AMARILLO MAYGAS;82032;2;0;0;28;MAYGAS;MTS;ACTIVO;;CODO 32MM AMARILLO MAYGAS.jpg
190132;CODO 32MM NEGRO MAYGAS;72032;509;0;500;0;MAYGAS;MTS;ACTIVO;CODO 32MM NEGRO MAYGAS;CODO 32MM NEGRO MAYGAS.jpg
190931;CUPLA MAYGAS F/F 16MM NEGRA;72616;10,455;0;2,52;0;MAYGAS;MTS;ACTIVO;CUPLA MAYGAS F/F 16MM NEGRA;CUPLA MAYGAS FF 16MM NEGRA.jpg
191304;DOBLATUBO 16MM 10 MTS MAYGAS;71444;11;0;0;3;MAYGAS;MTS;ACTIVO;DOBLATUBO 16MM 10 MTS MAYGAS;DOBLATUBO 16MM 10 MTS MAYGAS.jpg
191303;DOBLATUBO 16MM 3 MTS MAYGAS-;71443;31;0;0;15;MAYGAS;MTS;ACTIVO;;DOBLATUBO 16MM 3 MTS MAYGAS.jpg
191311;DOBLATUBO 20MM 10 MTS MAYGAS--MTO--;71454;10;0;0;1;MAYGAS;MTS;ACTIVO;;DOBLATUBO 20MM 10 MTS MAYGAS MTO.jpg
191310;DOBLATUBO 20MM 3 MTS MAYGAS;71453;34;0;0;5;MAYGAS;MTS;ACTIVO;;DOBLATUBO 20MM 3 MTS MAYGAS.jpg
191321;DOBLATUBO 25MM 10 MTS MAYGAS-;71464;6;0;0;1;MAYGAS;MTS;ACTIVO;;DOBLATUBO 25MM 10 MTS MAYGAS.jpg
191320;DOBLATUBO 25MM 3 MTS MAYGAS--MTO--;71463;20;0;0;5;MAYGAS;MTO;ACTIVO;;DOBLATUBO 25MM 3 MTS MAYGAS MTO.jpg
191331;DOBLATUBO 32MM 10 MTS MAYGAS;71474;5;0;0;0;MAYGAS;MTS;ACTIVO;;DOBLATUBO 32MM 10 MTS MAYGAS.jpg
191330;DOBLATUBO 32MM 3 MTS MAYGAS;71473;10;0;0;0;MAYGAS;MTS;ACTIVO;;DOBLATUBO 32MM 3 MTS MAYGAS.jpg
191005;EXPANSORA 16-20-25 MAYGAS;71425;6;0;0;1;MAYGAS;MTS;ACTIVO;EXPANSORA 16-20-25 MAYGAS;EXPANSORA MAYGAS.jpg
191000;KIT EXPANSORA 16-20-25MM MAYGAS;81425;44;0;0;5;MAYGAS;MTS;ACTIVO;KIT EXPANSORA 16-20-25MM MAYGAS;KIT EXPANSORA 16_20_25MM MAYGAS.jpg
191001;KIT EXPANSORA 32MM MAYGAS--MTO--;81432;32;0;0;5;MAYGAS;MTO;ACTIVO;KIT EXPANSORA 32MM MAYGAS--MTO--;KIT EXPANSORA 32MM MAYGAS MTO.jpg
191002;KIT TERMOFUSORA 110V MAYGAS;83110;43;0;0;13;MAYGAS;MTS;ACTIVO;KIT TERMOFUSORA 110V MAYGAS;KIT TERMOFUSORA 110V MAYGAS.jpg
190703;MANGUITO REP. 16MM MAYGAS--MTO--;81816;43;0;0;0;MAYGAS;MTO;ACTIVO;;
190710;MANGUITO REP. 20MM MAYGAS--MTO--;81820;100;0;0;1;MAYGAS;MTO;ACTIVO;;
190720;MANGUITO REP. 25MM MAYGAS--MTO--;81825;62;0;0;0;MAYGAS;MTO;ACTIVO;;
190730;MANGUITO REP. 32MM MAYGAS--MTO--;81832;52;0;0;0;MAYGAS;MTO;ACTIVO;;
190004;METRO TUBO 16MM MULTICAPA AMAR. MAYGAS--MTO--;81116MT;0;0;0;9;MAYGAS;MTO;;METRO TUBO 16MM MULTICAPA AMAR. MAYGAS;METRO TUBO 16MM MULTICAPA AMAR MAYGAS MTO.jpg
190011;METRO TUBO 20MM MULTICAPA AMAR. MAYGAS--MTO--;81120MT;75;0;0;1;MAYGAS;MTO;ACTIVO;METRO TUBO 20MM MULTICAPA AMAR. MAYGAS;METRO TUBO 20MM MULTICAPA AMAR MAYGAS MTO.jpg
190021;METRO TUBO 25MM MULTICAPA AMAR. MAYGAS--MTO--;81125MT;0;0;0;1;MAYGAS;MTO;;METRO TUBO 25MM MULTICAPA AMAR. MAYGAS;METRO TUBO 25MM MULTICAPA AMAR MAYGAS MTO.jpg
190031;METRO TUBO 32MM MULTICAPA AMAR. MAYGAS--MTO--;81133MT;0;0;0;0;MAYGAS;MTO;;METRO TUBO 32MM MULTICAPA AMAR. MAYGAS;METRO TUBO 32MM MULTICAPA AMAR MAYGAS MTO.jpg
190127;MORDAZA EXPANSORA MAYGAS 32 MM--MTO--;71421;6;0;0;;MAYGAS;MTO;ACTIVO;MORDAZA EXPANSORA MAYGAS 32 MM;
191301;MORDAZA P/EXPANSORA 16-20-25MM;71420;8;0;0;0;MAYGAS;MTS;ACTIVO;MORDAZA P/EXPANSORA 16-20-25MM;MORDAZA PEXPANSORA 16_20_25MM.jpg
190903;NIPLE 16MM AMARILLO MAYGAS;81516;0;0;0;3;MAYGAS;MTS;ACTIVO;NIPLE 16MM AMARILLO MAYGAS;NIPLE 16MM AMARILLO MAYGAS.jpg
190048;NIPLE 16MM NEGRO MAYGAS;71516;77;0;0;0;MAYGAS;MTS;ACTIVO;NIPLE 16MM NEGRO MAYGAS;NIPLE 16MM NEGRO MAYGAS.jpg
190910;NIPLE 20MM AMARILLO MAYGAS;81520;0;0;0;1;MAYGAS;MTS;ACTIVO;;NIPLE 20MM AMARILLO MAYGAS.jpg
190920;NIPLE 25MM AMARILLO MAYGAS--MTO--;81525;0;0;0;0;MAYGAS;MTO;ACTIVO;;NIPLE 25MM AMARILLO MAYGAS MTO.jpg
190930;NIPLE 32MM AMARILLO MAYGAS--MTO--;81532;0;0;0;0;MAYGAS;MTO;ACTIVO;;NIPLE 32MM AMARILLO MAYGAS MTO.jpg
190350;NIPLE ENTRE-FUSION 20MM;71520;1,622;0;0;0;MAYGAS;MTS;ACTIVO;NIPLE ENTRE-FUSION 20MM;NIPLE ENTRE FUSION 20MM.jpg
190351;NIPLE ENTRE-FUSION 25MM;71525;472;0;0;0;MAYGAS;MTS;ACTIVO;NIPLE ENTRE-FUSION 25MM;NIPLE ENTRE FUSION 25MM.jpg
190352;NIPLE ENTRE-FUSION 32MM;71532;322;0;0;0;MAYGAS;MTS;ACTIVO;NIPLE ENTRE-FUSION 32MM;NIPLE ENTRE FUSION 32MM.jpg
190052;PINZA EXT BOQUILLAS--MTO--;7014;0;0;0;0;MAYGAS;MTO;ACTIVO;PINZA EXT BOQUILLAS;PINZA EXT BOQUILLAS MTO.jpg
190014;ROLLO TUBO 16MM MULTICAPA NEGRO X150MTS MAYGAS;71116;185;0;160;0;MAYGAS;MTS;ACTIVO;ROLLO TUBO 16MM MULTICAPA NEGRO X150MTS MAYGAS;ROLLO TUBO 16MM MULTICAPA AMAR 150MTS MAYGAS.jpg
190010;ROLLO TUBO 20MM MULTICAPA AMAR.X100MTS MAYGAS;81320;0;0;0;40;MAYGAS;MTS;ACTIVO;ROLLO TUBO 20MM MULTICAPA AMAR.X100MTS MAYGAS;ROLLO TUBO 20MM MULTICAPA AMAR 100MTS MAYGAS.jpg
190013;ROLLO TUBO 20MM MULTICAPA NEGROX100MTS MAYGAS;71120;50;0;217;17;MAYGAS;MTS;ACTIVO;ROLLO TUBO 20MM MULTICAPA NEGROX100MTS MAYGAS;ROLLO TUBO 20MM MULTICAPA NEGRO 100MTS MAYGAS.jpg
190020;ROLLO TUBO 25MM MULTICAPA AMAR.X50MTS MAYGAS;81125;0;0;0;26;MAYGAS;MTS;ACTIVO;ROLLO TUBO 25MM MULTICAPA AMAR.X50MTS MAYGAS;ROLLO TUBO 25MM MULTICAPA AMAR 50MTS MAYGAS.jpg
190023;ROLLO TUBO 25MM MULTICAPA NEGROX50MTS MAYGAS;71125;150;0;80;5;MAYGAS;MTS;ACTIVO;ROLLO TUBO 25MM MULTICAPA NEGROX50MTS MAYGAS;ROLLO TUBO 25MM MULTICAPA NEGRO 50MTS MAYGAS.jpg
190030;ROLLO TUBO 32MM MULTICAPA AMAR.X60MTS MAYGAS;81133;0;0;0;30;MAYGAS;MTO;ACTIVO;ROLLO TUBO 32MM MULTICAPA AMAR.X60MTS MAYGAS;ROLLO TUBO 32MM MULTICAPA AMAR 60MTS MAYGAS.jpg
190034;ROLLO TUBO 32MM MULTICAPA NEGROX60MTS MAYGAS;71133;111;0;41;0;MAYGAS;MTS;ACTIVO;ROLLO TUBO 32MM MULTICAPA NEGROX60MTS MAYGAS;ROLLO TUBO 32MM MULTICAPA NEGRO 60MTS MAYGAS.jpg
191130;SEMICODO 32MM MAYGAS--MTO--;83032;0;0;0;1;MAYGAS;MTO;ACTIVO;;SEMICODO 32MM MAYGAS MTO.jpg
191131;SEMICODO 32MM NEGRO MAYGAS;73032;111;0;0;0;MAYGAS;MTS;ACTIVO;SEMICODO 32MM NEGRO MAYGAS;SEMICODO 32MM NEGRO MAYGAS.jpg
191004;SOPORTE TERMOFUSOR UNIVERSAL MAYGAS;8055;15;0;0;1;MAYGAS;MTS;ACTIVO;SOPORTE TERMOFUSOR UNIVERSAL MAYGAS;SOPORTE TERMOFUSOR UNIVERSAL MAYGAS.jpg
190503;TAPON 16MM MAYGAS;82916;0;0;0;26;MAYGAS;MTO;ACTIVO;;TAPON 16MM MAYGAS.jpg
190550;TAPON 16MM MAYGAS;72916;2,289;0;0;0;MAYGAS;MTS;ACTIVO;TAPON 16MM MAYGAS;TAPON 16MM MAYGAS.jpg
190510;TAPON 20MM MAYGAS;82920;0;0;0;15;MAYGAS;MTS;ACTIVO;;TAPON 20MM MAYGAS.jpg
190540;TAPON 20MM MAYGAS;72920;3,545;0;0;0;MAYGAS;MTS;ACTIVO;TAPON 20MM MAYGAS;TAPON 20MM MAYGAS.jpg
191521;TAPON 25MM MAYGAS NEGRO;72925;196;0;300;0;MAYGAS;MTS;ACTIVO;TAPON 25MM MAYGAS NEGRO;TAPON 25MM MAYGAS NEGRO.jpg
190520;TAPON 25MM MAYGAS--MTO--;82925;0;0;0;7;MAYGAS;MTO;ACTIVO;;TAPON 25MM MAYGAS MTO.jpg
190049;TAPON 32MM MAYGAS;72932;337;0;0;0;MAYGAS;MTS;ACTIVO;TAPON 32MM MAYGAS;TAPON 32MM MAYGAS.jpg
190530;TAPON 32MM MAYGAS--MTO--;82932;0;0;0;7;MAYGAS;MTO;ACTIVO;;TAPON 32MM MAYGAS MTO.jpg
190203;TEE 16MM MAYGAS;82316;0;0;0;48;MAYGAS;MTS;ACTIVO;;TEE 16MM MAYGAS.jpg
190008;TEE 16MM NEGRA MAYGAS;72316;8,093;0;0;0;MAYGAS;MTS;ACTIVO;TEE 16MM NEGRA MAYGAS;TEE 16MM NEGRA MAYGAS.jpg
190210;TEE 20MM MAYGAS;82320;0;139;0;19;MAYGAS;MTO;ACTIVO;;TEE 20MM MAYGAS.jpg
190560;TEE 20MM MAYGAS;72320;2,274;0;1;0;MAYGAS;MTS;ACTIVO;TEE 20MM MAYGAS;TEE 20MM MAYGAS NEGRA.jpg
190222;TEE 20X16X20MM MAYGAS;82351;0;50;0;0;MAYGAS;MTS;ACTIVO;TEE 20X16X20MM MAYGAS;TEE 20_16_20MM MAYGAS.jpg
190224;TEE 20X16X20MM NEGRO MAYGAS;72351;7,915;0;0;0;MAYGAS;MTS;ACTIVO;TEE 20X16X20MM NEGRO MAYGAS;TEE 20_16_20MM NEGRO MAYGAS.jpg
190037;TEE 25MM MAYGAS;72325;921;0;0;0;MAYGAS;MTS;ACTIVO;TEE 25MM MAYGAS;TEE 25MM MAYGAS.jpg
190220;TEE 25MM MAYGAS--MTO--;82325;0;0;0;13;MAYGAS;MTO;ACTIVO;;TEE 25MM MAYGAS MTO.jpg
190400;TEE 25X20X25 FUSION NEGRA MAYGAS;72353;1,273;0;250;0;MAYGAS;MTS;ACTIVO;TEE 25X20X25 FUSION NEGRA MAYGAS;TEE 25_20_25 FUSION NEGRA MAYGAS.jpg
190221;TEE 25X20X25MM MAYGAS;82353;0;0;0;1;MAYGAS;MTS;ACTIVO;TEE 25X20X25MM MAYGAS;TEE 25_20_25MM MAYGAS.jpg
190038;TEE 32MM MAYGAS;72332;1,714;0;0;0;MAYGAS;MTS;ACTIVO;TEE 32MM MAYGAS;TEE 32MM MAYGAS.jpg
190230;TEE 32MM MAYGAS--MTO--;82332;0;0;0;9;MAYGAS;MTO;ACTIVO;;TEE 32MM MAYGAS MTO.jpg
190401;TEE 32X20X32 FUSION NEGRA MAYGAS;72354;2,78;0;0;1;MAYGAS;MTS;ACTIVO;TEE 32X20X32 FUSION NEGRA;TEE 32_20_32 FUSION NEGRA MAYGAS.jpg
190231;TEE 32X20X32MM MAYGAS;82354;0;0;0;25;MAYGAS;MTO;ACTIVO;TEE 32X20X32MM MAYGAS;TEE 32_20_32MM MAYGAS.jpg
190402;TEE 32X25X32 MAYGAS FUSION NEGRA--MTO--;72355;2,049;0;0;0;MAYGAS;MTO;ACTIVO;TEE 32X25X32 MAYGAS FUSION NEGRA;TEE 32_25_32 MAYGAS FUSION NEGRA MTO.jpg
190223;TEE 32X25X32MM MAYGAS--MTO--;82355;0;0;0;1;MAYGAS;MTO;ACTIVO;TEE 32X25X32MM MAYGAS;TEE 32_25_32MM MAYGAS MTO.jpg
191006;TERMOFUSORA  MAYGAS 110V;73110;15;0;0;9;MAYGAS;MTS;ACTIVO;TERMOFUSORA  MAYGAS 110V;TERMOFUSORA  MAYGAS 110V.jpg
191003;TIJERA CORTATUBOS 16-20-25MM MAYGAS;90430;32;0;0;7;MAYGAS;MTS;ACTIVO;TIJERA CORTATUBOS 16-20-25MM MAYGAS;TIJERA CORTATUBOS 16_20_25MM MAYGAS.jpg
190005;TUBO 16MM MULTICAPA AMAR. 4 MTS MAYGAS--MTO--;81016;0;0;0;9;MAYGAS;MTO;ACTIVO;TUBO 16MM MULTICAPA AMAR. 4 MTS MAYGAS;TUBO 16MM MULTICAPA AMAR 4 MTS MAYGAS MTO.jpg
190035;TUBO 16MM MULTICAPA NEGRO. 4 MTS MAYGAS--MTO--;71016;33;0;0;0;MAYGAS;MTO;ACTIVO;TUBO 16MM MULTICAPA NEGRO. 4 MTS MAYGAS;TUBO 16MM MULTICAPA NEGRO 4 MTS MAYGAS MTO.jpg
190012;TUBO 20MM MULTICAPA AMAR 4 MTS MAYGAS;81020;0;0;0;5;MAYGAS;MTS;ACTIVO;TUBO 20MM MULTICAPA AMAR 4 MTS MAYGAS;TUBO 20MM MULTICAPA AMAR 4 MTS MAYGAS.jpg
190036;TUBO 20MM MULTICAPA NEGRO  4 MTS MAYGAS--MTO--;71020;0;0;0;0;MAYGAS;MTO;ACTIVO;TUBO 20MM MULTICAPA NEGRO  4 MTS MAYGAS;TUBO 20MM MULTICAPA NEGRO  4 MTS MAYGAS MTO.jpg
190024;TUBO 25 MULTICAPA AMAR 4 MTS MAYGAS;81025;148;0;0;0;MAYGAS;MTS;ACTIVO;TUBO 25 MULTICAPA AMAR 4 MTS MAYGAS;TUBO 25 MULTICAPA AMAR 4 MTS MAYGAS.jpg
190022;TUBO 25MM MULTICAPA NEGRO.4 MTS MAYGAS;71025;24;0;0;0;MAYGAS;MTS;ACTIVO;TUBO 25MM MULTICAPA NEGRO.4 MTS MAYGAS;TUBO 25MM MULTICAPA NEGRO 4 MTS MAYGAS.jpg
190033;TUBO 32MM MULTICAPA AMAR 4 MTS MAYGAS;81032;21;0;0;1;MAYGAS;MTS;ACTIVO;TUBO 32MM MULTICAPA AMAR 4 MTS MAYGAS;TUBO 32MM MULTICAPA AMAR 4 MTS MAYGAS.jpg
190032;TUBO 32MM MULTICAPA NEGRO 4 MTS MAYGAS;71032;40;0;0;0;MAYGAS;MTS;ACTIVO;TUBO 32MM MULTICAPA NEGRO 4 MTS MAYGAS;TUBO 32MM MULTICAPA NEGRO 4 MTS MAYGAS.jpg
190303;UNION 16MM MAYGAS;82616;0;0;0;59;MAYGAS;MTS;ACTIVO;CUPLA FUSION 16MM MAYGAS;UNION 16MM MAYGAS.jpg
190044;"UNION 16MMX1/2"" MH  MAYGAS";72760;2,292;0;0;0;MAYGAS;MTS;ACTIVO;"UNION 16MMX1/2"" MH  MAYGAS";UNION 16MM MH  MAYGAS.jpg
190313;"UNION 16MMX1/2"" MM BRONCE MAYGAS";72860;2,295;30;0;;MAYGAS;MTS;ACTIVO;"UNION 16MMX1/2"" MM BRONCE MAYGAS";UNION 16MM MH BRONCE MAYGAS.jpg
191522;"UNION 16MMX3/8"""" BRONCE MAYGAS NEGRA";72716;789;0;0;;MAYGAS;MTS;ACTIVO;"UNION 16MMX3/8"""" BRONCE MAYGAS NEGRA";UNION 16MM BRONCE MAYGAS NEGRA.jpg
191531;"UNION 16MMX3/8"""" MM BRONCE MAYGAS NEGRA--MTO--";72816;271;0;0;;MAYGAS;MTS;ACTIVO;"UNION 16MMX3/8"""" MM BRONCE MAYGAS NEGRA";UNION 16MM MM BRONCE MAYGAS NEGRA MTO.jpg
190310;UNION 20MM MAYGAS;82620;0;0;0;44;MAYGAS;MTS;ACTIVO;UNION 20MM MAYGAS;UNION 20MM MAYGAS.jpg
190325;UNION 20MM NEGRA MAYGAS;72620;1,956;7;3;3;MAYGAS;MTS;ACTIVO;UNION 20MM NEGRA MAYGAS;UNION 20MM NEGRA MAYGAS.jpg
190312;"UNION 20MMX1/2"" MM BRONCE MAYGAS";82820;0;0;0;65;MAYGAS;MTO;ACTIVO;"UNION 20MMX1/2"" MM BRONCE MAYGAS";UNION 20MM MM BRONCE MAYGAS.jpg
190320;UNION 25MM MAYGAS;82625;0;0;0;23;MAYGAS;MTS;ACTIVO;;UNION 25MM MAYGAS.jpg
190324;UNION 25MM NEGRA MAYGAS;72625;607;0;500;0;MAYGAS;MTS;ACTIVO;UNION 25MM NEGRA MAYGAS;UNION 25MM NEGRA MAYGAS.jpg
190042;"UNION 25MMX1/2"" MH MAYGAS";72751;730;0;0;0;MAYGAS;MTS;ACTIVO;"UNION 25MMX1/2"" MH MAYGAS";UNION 25MM MH MAYGAS.jpg
190046;"UNION 25MMX3/4"" MM BRONCE MAYGAS";72825;1,801;2;0;0;MAYGAS;MTS;ACTIVO;"UNION 25MMX3/4"" MM BRONCE MAYGAS";UNION 25MM MM BRONCE MAYGAS AMA.jpg
190330;UNION 32MM MAYGAS;82632;0;0;0;28;MAYGAS;MTS;ACTIVO;;UNION 32MM MAYGAS.jpg
190334;UNION 32MM NEGRO MAYGAS;72632;2,101;0;0;1;MAYGAS;MTS;ACTIVO;UNION 32MM NEGRO MAYGAS;UNION 32MM NEGRO MAYGAS.jpg
190041;"UNION 32MMX1"" MH MAYGAS";72733;638;0;0;0;MAYGAS;MTS;ACTIVO;"UNION 32MMX1"" MH MAYGAS";UNION 32MM MH MAYGAS.jpg
190047;"UNION 32MMX1"" MM BRONCE MAYGAS";72833;306;0;0;0;MAYGAS;MTS;ACTIVO;"UNION 32MMX1"" MM BRONCE MAYGAS";UNION 32MM MM BRONCE MAYGAS.jpg
190043;"UNION 32MMX3/4"" MH  MAYGAS";72752;258;0;0;0;MAYGAS;MTS;ACTIVO;"UNION 32MMX3/4"" MH  MAYGAS";UNION 32MM MH  MAYGAS.jpg
190045;UNION FUSIÓN-ROSCA METÁLICA MACHO MM 25 x 1/2 --MTO--;72851;0;0;0;0;MAYGAS;MTO;ACTIVO;UNION FUSIÓN-ROSCA METÁLICA MACHO MM 25 x 1/2;UNION FUSION ROSCA METALICA MACHO MM 25_12 MTO NEGRO.jpg
190329;UNION FUSIÓN-ROSCA METÁLICA MACHO MM 25 x 1/2˝ --MTO--;82851;71;0;0;0;MAYGAS;MTO;ACTIVO;UNION FUSIÓN-ROSCA METÁLICA MACHO MM 25 x 1/2˝;UNION FUSION ROSCA METALICA MACHO MM 25_12 MTO.jpg
190803;VALVULA 16MM AMARILLO MAYGAS;81616;0;0;0;36;MAYGAS;MTO;;;VALVULA 16MM AMARILLO MAYGAS.jpg
190009;VALVULA 16MM NEGRO MAYGAS;71616;4,677;0;0;0;MAYGAS;MTS;ACTIVO;VALVULA 16MM NEGRO MAYGAS;VALVULA 16MM NEGRO MAYGAS.jpg
190810;VALVULA 20MM AMARILLO MAYGAS;81620;0;0;0;0;MAYGAS;MTS;ACTIVO;;VALVULA 20MM AMARILLO MAYGAS.jpg
191520;VALVULA 20MM M-M MAYGAS;71820;0;0;0;1;MAYGAS;MTO;ACTIVO;;
190050;VALVULA 20MM NEGRA MAYGAS;71620;455;0;0;0;MAYGAS;MTS;ACTIVO;VALVULA 20MM NEGRA MAYGAS;VALVULA 20MM NEGRA MAYGAS.jpg
190820;VALVULA 25MM AMARILLO MAYGAS--MTO--;81625;0;0;0;1;MAYGAS;MTO;ACTIVO;;VALVULA 25MM AMARILLO MAYGAS MTO.jpg
191530;VALVULA 25MM M-M MAYGAS;71825;126;0;0;0;MAYGAS;MTS;ACTIVO;;
190051;VALVULA 25MM NEGRA MAYGAS;71625;187;1;0;0;MAYGAS;MTS;ACTIVO;VALVULA 25MM NEGRA MAYGAS;VALVULA 25MM NEGRA MAYGAS.jpg
191532;VALVULA LUJO;81610;0;0;0;;MAYGAS;MTS;ACTIVO;VALVULA LUJO;VALVULA LUJO.jpg
